{
  "best_epoch": 19,
  "best_macro_f1": 0.6976677492178573,
  "best_acc_so_far": 0.7790055248618785,
  "class_names": [
    "NoWaybill",
    "TruncatedBarcode",
    "WrinkledWaybill",
    "NoPackage"
  ],
  "report": {
    "NoWaybill": {
      "precision": 0.8403361344537815,
      "recall": 0.8928571428571429,
      "f1-score": 0.8658008658008658,
      "support": 112.0
    },
    "TruncatedBarcode": {
      "precision": 0.5833333333333334,
      "recall": 0.5675675675675675,
      "f1-score": 0.5753424657534246,
      "support": 37.0
    },
    "WrinkledWaybill": {
      "precision": 0.7,
      "recall": 0.7368421052631579,
      "f1-score": 0.717948717948718,
      "support": 19.0
    },
    "NoPackage": {
      "precision": 1.0,
      "recall": 0.46153846153846156,
      "f1-score": 0.631578947368421,
      "support": 13.0
    },
    "accuracy": 0.7790055248618785,
    "macro avg": {
      "precision": 0.7809173669467787,
      "recall": 0.6647013193065825,
      "f1-score": 0.6976677492178573,
      "support": 181.0
    },
    "weighted avg": {
      "precision": 0.784535803271585,
      "recall": 0.7790055248618785,
      "f1-score": 0.7740824318198276,
      "support": 181.0
    }
  },
  "confusion_matrix": [
    [
      100,
      9,
      3,
      0
    ],
    [
      14,
      21,
      2,
      0
    ],
    [
      3,
      2,
      14,
      0
    ],
    [
      2,
      4,
      1,
      6
    ]
  ]
}