{
  "best_epoch": 9,
  "best_macro_f1": 0.6275904213492437,
  "best_acc": 0.7513812154696132,
  "report": {
    "NoWaybill": {
      "precision": 0.7938931297709924,
      "recall": 0.9285714285714286,
      "f1-score": 0.8559670781893004,
      "support": 112.0
    },
    "TruncatedBarcode": {
      "precision": 0.5714285714285714,
      "recall": 0.32432432432432434,
      "f1-score": 0.41379310344827586,
      "support": 37.0
    },
    "WrinkledWaybill": {
      "precision": 0.6521739130434783,
      "recall": 0.7894736842105263,
      "f1-score": 0.7142857142857143,
      "support": 19.0
    },
    "NoPackage": {
      "precision": 0.8333333333333334,
      "recall": 0.38461538461538464,
      "f1-score": 0.5263157894736842,
      "support": 13.0
    },
    "accuracy": 0.7513812154696132,
    "macro avg": {
      "precision": 0.7127072368940939,
      "recall": 0.6067462054304159,
      "f1-score": 0.6275904213492437,
      "support": 181.0
    },
    "weighted avg": {
      "precision": 0.7363730682782746,
      "recall": 0.7513812154696132,
      "f1-score": 0.7270286818749963,
      "support": 181.0
    }
  },
  "confusion_matrix": [
    [
      104,
      4,
      4,
      0
    ],
    [
      21,
      12,
      3,
      1
    ],
    [
      3,
      1,
      15,
      0
    ],
    [
      3,
      4,
      1,
      5
    ]
  ],
  "class_names": [
    "NoWaybill",
    "TruncatedBarcode",
    "WrinkledWaybill",
    "NoPackage"
  ]
}